"rep","bg_variants","causal_variants","bg_causal_variants","case_bg","control_bg","case_per_bg","control_per_bg","case_af","control_af"
1,737,67,4,4103,4011,5.56716417910448,5.44233378561737,0.000927860696517413,0.000907055630936228
2,758,64,5,4002,4036,5.27968337730871,5.3245382585752,0.000879947229551451,0.000887423043095866
3,731,59,0,3397,3406,4.64705882352941,4.6593707250342,0.000774509803921569,0.0007765617875057
4,740,72,3,4472,4531,6.04324324324324,6.12297297297297,0.00100720720720721,0.0010204954954955
5,744,79,3,3676,3563,4.94086021505376,4.78897849462366,0.000823476702508961,0.000798163082437276
6,792,64,1,4170,4225,5.26515151515152,5.33459595959596,0.000877525252525253,0.000889099326599327
7,799,71,2,3885,3866,4.86232790988736,4.83854818523154,0.000810387984981227,0.00080642469753859
8,749,65,5,3801,3862,5.07476635514019,5.1562082777036,0.000845794392523364,0.000859368046283934
9,732,70,6,3243,3338,4.43032786885246,4.56010928961749,0.000738387978142077,0.000760018214936248
10,749,69,1,3782,3685,5.04939919893191,4.91989319092123,0.000841566533155318,0.000819982198486871
11,746,68,4,4152,4234,5.5656836461126,5.67560321715818,0.000927613941018767,0.000945933869526363
12,714,77,6,3830,3763,5.3641456582633,5.2703081232493,0.000894024276377218,0.000878384687208217
13,738,55,2,3944,3875,5.34417344173442,5.25067750677507,0.000890695573622403,0.000875112917795845
14,777,67,2,4224,4361,5.43629343629344,5.61261261261261,0.000906048906048906,0.000935435435435435
15,704,66,3,3955,3810,5.61789772727273,5.41193181818182,0.000936316287878788,0.000901988636363636
16,692,72,4,3397,3480,4.90895953757225,5.02890173410405,0.000818159922928709,0.000838150289017341
17,747,72,1,4094,3844,5.4805890227577,5.14591700133869,0.00091343150379295,0.000857652833556448
18,784,74,1,4068,4091,5.18877551020408,5.21811224489796,0.000864795918367347,0.00086968537414966
19,748,70,3,3830,3887,5.12032085561497,5.19652406417112,0.000853386809269162,0.00086608734402852
20,744,71,6,4043,3844,5.43413978494624,5.16666666666667,0.000905689964157706,0.000861111111111111
21,757,66,3,4258,3854,5.62483487450462,5.09114927344782,0.000937472479084104,0.00084852487890797
22,779,71,4,3802,3871,4.8806161745828,4.96919127086008,0.000813436029097133,0.000828198545143346
23,745,70,2,4008,3865,5.37986577181208,5.18791946308725,0.000896644295302013,0.000864653243847875
24,702,61,3,3570,3533,5.08547008547009,5.03276353276353,0.000847578347578348,0.000838793922127255
25,775,64,3,3557,3616,4.58967741935484,4.6658064516129,0.00076494623655914,0.00077763440860215
26,788,64,4,4131,4164,5.24238578680203,5.28426395939086,0.000873730964467005,0.000880710659898477
27,758,57,2,3986,3755,5.25857519788918,4.95382585751979,0.000876429199648197,0.000825637642919965
28,765,65,1,4355,4458,5.69281045751634,5.82745098039216,0.00094880174291939,0.00097124183006536
29,729,54,5,3724,3645,5.10836762688615,5,0.000851394604481024,0.000833333333333333
30,763,57,2,4292,4314,5.62516382699869,5.65399737876802,0.000937527304499782,0.000942332896461337
31,753,56,2,3654,3541,4.85258964143426,4.70252324037185,0.000808764940239044,0.000783753873395308
32,769,70,2,3997,4008,5.19765929778934,5.21196358907672,0.000866276549631556,0.000868660598179454
33,741,68,4,3450,3402,4.65587044534413,4.59109311740891,0.000775978407557355,0.000765182186234818
34,776,59,2,3777,3749,4.86726804123711,4.83118556701031,0.000811211340206186,0.000805197594501718
35,782,70,3,4084,4144,5.22250639386189,5.29923273657289,0.000870417732310315,0.000883205456095482
36,732,61,3,4212,4079,5.75409836065574,5.5724043715847,0.000959016393442623,0.000928734061930783
37,739,63,5,4166,3946,5.63734776725304,5.33964817320704,0.000939557961208841,0.000889941362201173
38,701,76,4,3436,3402,4.90156918687589,4.85306704707561,0.000816928197812649,0.000808844507845934
39,736,69,2,3582,3383,4.86684782608696,4.59646739130435,0.000811141304347826,0.000766077898550725
40,784,66,4,3981,3888,5.07780612244898,4.95918367346939,0.000846301020408163,0.000826530612244898
41,779,64,2,3706,3653,4.75738125802311,4.68934531450578,0.000792896876337184,0.000781557552417629
42,725,77,6,3772,3837,5.20275862068966,5.29241379310345,0.000867126436781609,0.000882068965517241
43,764,74,3,4034,4009,5.28010471204188,5.24738219895288,0.000880017452006981,0.00087456369982548
44,781,77,4,3923,4030,5.02304737516005,5.16005121638924,0.000837174562526675,0.000860008536064874
45,733,68,5,3558,3492,4.85402455661664,4.76398362892224,0.000809004092769441,0.00079399727148704
46,792,63,5,4175,4112,5.27146464646465,5.19191919191919,0.000878577441077441,0.000865319865319865
47,740,72,2,3799,3857,5.13378378378378,5.21216216216216,0.000855630630630631,0.000868693693693694
48,730,57,4,3459,3313,4.73835616438356,4.53835616438356,0.00078972602739726,0.000756392694063927
49,782,70,1,4033,4035,5.15728900255754,5.15984654731458,0.000859548167092924,0.00085997442455243
50,729,65,3,3822,3879,5.24279835390946,5.32098765432099,0.000873799725651578,0.000886831275720165
51,705,72,2,3416,3431,4.84539007092199,4.86666666666667,0.000807565011820331,0.000811111111111111
52,811,63,2,3910,3845,4.82120838471023,4.74106041923551,0.000803534730785039,0.000790176736539252
53,754,71,1,4152,4310,5.50663129973475,5.71618037135279,0.000917771883289125,0.000952696728558798
54,772,73,8,4704,4521,6.09326424870466,5.85621761658031,0.00101554404145078,0.000976036269430052
55,716,61,1,3606,3430,5.03631284916201,4.79050279329609,0.000839385474860335,0.000798417132216015
56,776,73,3,4140,4194,5.33505154639175,5.40463917525773,0.000889175257731959,0.000900773195876289
57,741,58,3,3642,3554,4.91497975708502,4.79622132253711,0.000819163292847503,0.000799370220422852
58,768,71,4,3986,3885,5.19010416666667,5.05859375,0.000865017361111111,0.000843098958333333
59,746,60,5,4077,3996,5.46514745308311,5.35656836461126,0.000910857908847185,0.000892761394101877
60,721,79,7,3910,3814,5.42302357836338,5.28987517337032,0.000903837263060564,0.000881645862228386
61,763,71,1,4153,4026,5.44298820445609,5.27653997378768,0.000907164700742682,0.000879423328964613
62,729,75,2,3649,3730,5.00548696844993,5.11659807956104,0.000834247828074989,0.000852766346593507
63,756,73,5,4504,4021,5.95767195767196,5.31878306878307,0.00099294532627866,0.000886463844797178
64,725,58,0,3576,3510,4.93241379310345,4.84137931034483,0.000822068965517241,0.000806896551724138
65,723,72,4,3725,3834,5.1521438450899,5.30290456431535,0.000858690640848317,0.000883817427385892
66,752,80,5,4082,3927,5.4281914893617,5.22207446808511,0.000904698581560284,0.000870345744680851
67,757,53,3,4096,4095,5.4108322324967,5.40951122853369,0.000901805372082783,0.000901585204755614
68,716,58,5,3752,3543,5.24022346368715,4.94832402234637,0.000873370577281192,0.000824720670391061
69,775,62,6,3738,3613,4.82322580645161,4.66193548387097,0.000803870967741935,0.000776989247311828
70,763,63,3,4083,4112,5.35124508519004,5.38925294888598,0.000891874180865007,0.000898208824814329
71,758,66,6,4501,4351,5.93799472295515,5.7401055408971,0.000989665787159191,0.000956684256816183
72,759,79,1,4148,4132,5.46508563899868,5.44400527009223,0.00091084760649978,0.000907334211682038
73,769,58,1,4011,3963,5.21586475942783,5.15344603381014,0.000869310793237971,0.00085890767230169
74,758,58,6,4599,4517,6.06728232189974,5.95910290237467,0.00101121372031662,0.000993183817062445
75,751,59,3,3909,3822,5.20505992010652,5.08921438082557,0.000867509986684421,0.000848202396804261
76,772,66,4,4509,4684,5.84067357512953,6.06735751295337,0.000973445595854922,0.00101122625215889
77,689,81,2,3885,3710,5.63860667634253,5.38461538461539,0.000939767779390421,0.000897435897435897
78,746,80,4,3924,3860,5.26005361930295,5.17426273458445,0.000876675603217158,0.000862377122430742
79,735,80,5,3974,3853,5.40680272108844,5.2421768707483,0.000901133786848073,0.000873696145124717
80,757,51,3,3832,3926,5.06208718626156,5.18626155878468,0.00084368119771026,0.000864376926464113
81,732,73,2,3708,3717,5.0655737704918,5.07786885245902,0.000844262295081967,0.000846311475409836
82,743,71,5,3981,4042,5.35800807537012,5.44010767160162,0.00089300134589502,0.000906684611933602
83,743,70,5,4008,3737,5.39434724091521,5.02960969044415,0.000899057873485868,0.000838268281740691
84,753,55,0,4409,4131,5.85524568393094,5.48605577689243,0.000975874280655157,0.000914342629482072
85,738,71,2,4060,4009,5.50135501355014,5.43224932249322,0.000916892502258356,0.000905374887082204
86,741,67,2,3917,3965,5.28609986504723,5.35087719298246,0.000881016644174539,0.000891812865497076
87,773,58,3,4215,4077,5.45278137128072,5.27425614489004,0.000908796895213454,0.000879042690815006
88,733,64,1,3910,3913,5.33424283765348,5.33833560709413,0.000889040472942246,0.000889722601182356
89,700,54,4,3769,3815,5.38428571428571,5.45,0.000897380952380952,0.000908333333333333
90,775,61,7,4798,4648,6.19096774193548,5.99741935483871,0.00103182795698925,0.000999569892473118
91,740,65,4,4010,4069,5.41891891891892,5.49864864864865,0.000903153153153153,0.000916441441441441
92,744,58,2,3910,3971,5.25537634408602,5.33736559139785,0.00087589605734767,0.000889560931899642
93,796,65,3,4541,4459,5.70477386934673,5.60175879396985,0.000950795644891122,0.000933626465661642
94,710,73,2,3920,3702,5.52112676056338,5.21408450704225,0.00092018779342723,0.000869014084507042
95,750,93,8,3691,3632,4.92133333333333,4.84266666666667,0.000820222222222222,0.000807111111111111
96,763,66,4,3544,3679,4.64482306684142,4.82175622542595,0.000774137177806903,0.000803626037570992
97,766,72,6,4337,4100,5.66187989556136,5.35248041775457,0.000943646649260226,0.000892080069625761
98,739,80,7,4143,4264,5.60622462787551,5.76995940460081,0.000934370771312585,0.000961659900766802
99,722,72,3,3450,3535,4.77839335180055,4.89612188365651,0.000796398891966759,0.000816020313942752
100,815,66,3,4343,4226,5.32883435582822,5.18527607361963,0.000888139059304703,0.000864212678936605
