Gene,tau_00,tau_10,tau_01,tau_11,PP_trait1_autism,PP_trait2_schema,PP_shared,log_B_trait1_autism,log_B_trait2_schema,asc_case_ac,asc_ctrl_ac,asc_expected_null_case,schema_case_ac,schema_ctrl_ac,schema_expected_null_case,FDR_trait1_autism,FDR_trait2_schema,FDR_shared,Gene_symbol,SFARI_score1,SCHEMA_current_exomewide_12
ENSG00000136531,2.95443730614447e-15,4.1365933337268e-14,0.00302353610025935,0.996976463899694,0.996976463899736,0.999999999999954,0.996976463899694,10.0881993583309,31.9506271394455,58,35,30.3510959599496,76,45,25.833778163331,0.00115545254295435,8.45003079853592e-15,0.0030235361003057,SCN2A,TRUE,FALSE
ENSG00000156976,1.22292153078704e-07,1.09157174217533e-08,0.32236121209422,0.677638654697908,0.677638665613626,0.999999866792129,0.677638654697908,5.03284073080137,19.0812575668559,9,1,2.08194381010689,32,13,8.16369127363415,0.120346193280446,1.2576105019802e-08,0.162692440701199,EIF4A2,FALSE,FALSE
ENSG00000169925,0.259012678372183,0.0106866837061492,0.370394959304098,0.35990567861757,0.370592362323719,0.730300637921668,0.35990567861757,4.26117133551119,4.65418007690345,11,7,3.91178191991901,34,22,13.0165292767324,0.294076447380977,0.0566507370151392,0.321826400928276,BRD3,FALSE,FALSE
ENSG00000182568,0.0997792987211269,0.0017949804715619,0.631066094105726,0.267359626701586,0.269154607173148,0.898425720807311,0.267359626701586,3.43108330265375,6.1409370626752,15,9,7.15053529153554,51,39,22.2120650110973,0.381890040891829,0.0184233328458319,0.42452989402081,SATB1,TRUE,FALSE
ENSG00000177189,0.0127164172617517,6.52391928373462e-05,0.880798618530141,0.106419725015271,0.106484964208108,0.987218343545411,0.106419725015271,2.17646116434599,8.53442235531478,3,1,0.559687850829172,15,6,3.90061887534629,0.482097901055879,0.00272163336037641,0.518339970213594,RPS6KA3,FALSE,FALSE
ENSG00000120948,0.383453104439365,0.00161323074351964,0.559498556509134,0.0554351083079813,0.057048339051501,0.614933664817115,0.0554351083079813,1.97807140534224,4.67431081229098,6,1,2.30680116333321,11,3,2.55941496912678,0.640981017159831,0.0852058511923101,0.589377457126665,TARDBP,FALSE,FALSE
ENSG00000127530,0.793520429523608,0.148163022699686,0.0108048174079345,0.0475117303687717,0.195674753068458,0.0583165477767061,0.0475117303687717,5.77088378083667,0,14,6,4.80484413025843,0,0,0,0.433208044506022,0.463993814922065,0.641250430341603,OR7C1,FALSE,FALSE
ENSG00000198488,0.688049104838043,0.00512046070294821,0.26107375348337,0.0457566809756387,0.0508771416785869,0.306830434459008,0.0457566809756387,2.54843410163314,3.3274299338626,4,0,0.923007526519649,6,2,1.58633233973931,0.6705827922873,0.214316641733014,0.680374541426947,B3GNT6,FALSE,FALSE
ENSG00000110680,0.691533582247453,0.00512646128718725,0.25825295044391,0.0450870060214494,0.0502134673086367,0.30333995646536,0.0450870060214494,2.54455379359806,3.31151501317799,8,4,3.31334326158684,9,3,2.31482026851985,0.679307909174927,0.217857126150799,0.710878813932681,CALCA,FALSE,FALSE
ENSG00000177576,0.873540387481077,0.0110138179400062,0.0890145504791982,0.0264312440997187,0.037445062039725,0.115445794578917,0.0264312440997187,3.07564619022702,2.01273267477049,4,1,0.659401482222709,2,0,0.314157252737123,0.710302764741074,0.351009813245688,0.737147808129441,C18orf32,FALSE,FALSE
ENSG00000109971,0.453600970320692,0.000946528538171298,0.519902925160595,0.0255495759805412,0.0264961045187125,0.545452501141137,0.0255495759805412,1.2768778451931,4.43291141495813,2,0,0.461328218652601,17,13,7.94405328439677,0.761858136018509,0.104993950026141,0.758720773210352,HSPA8,FALSE,FALSE
ENSG00000198157,0.356723528699476,0.00052625836477279,0.621168861748388,0.021581351187364,0.0221076095521368,0.642750212935752,0.021581351187364,0.930125842884977,4.85112910646835,1,0,0.0842432228915663,5,1,0.821533647934384,0.787031246947419,0.0775786241928331,0.777028929510542,HMGN5,FALSE,FALSE
ENSG00000185651,0.335863409911027,0.000476667309793718,0.642195384346956,0.0214645384322229,0.0219412057420166,0.663659922779179,0.0214645384322229,0.891408839912721,4.94467522994719,1,0,0.103601724377694,5,0,0.27419310669668,0.790704853626468,0.0719241821247932,0.792529431976483,UBE2L3,FALSE,FALSE
ENSG00000108278,0.90290033207949,0.064213901173931,0.0122941676895945,0.0205915990569841,0.0848055002309151,0.0328857667465785,0.0205915990569841,4.80565743762305,0,11,4,3.29340973000288,0,0,0,0.524618635308544,0.522297971786143,0.805877929759807,ZNHIT3,FALSE,FALSE
ENSG00000123575,0.00533799144659266,4.04488525724431e-06,0.977218950269244,0.0174390133989057,0.0174430582841629,0.99465796366815,0.0174390133989057,0.263898350224376,9.50634847775233,5,3,2.61458154655809,20,11,7.06347116576015,0.826198591705019,0.000981145909279505,0.817656800215893,FAM199X,FALSE,FALSE
ENSG00000203950,0.00106563474370117,7.99664640632367e-07,0.981586351803111,0.0173472137885474,0.0173480134531881,0.998933565591658,0.0173472137885474,0.254161151791133,11.1220865589315,1,0,0.422225568438488,12,3,2.07580541436103,0.830938958151175,0.000116185815139436,0.827969049340615,FAM127B,FALSE,FALSE
ENSG00000089486,0.0107273607925314,7.44917659838908e-06,0.973347321290982,0.015917868739888,0.0159253179164864,0.98926519003087,0.015917868739888,0.176600556770812,8.80443061133313,1,0,0.461005865948649,19,10,6.27762572008705,0.845561646072173,0.00192495920707888,0.837152171806468,CDIP1,FALSE,FALSE
ENSG00000078596,0.819617049864365,0.00337103326654507,0.16138028788951,0.0156316289795798,0.0190026622461249,0.17701191686909,0.0156316289795798,1.95543198012244,2.67141359228801,6,3,2.31812087594311,7,3,1.97418053846167,0.81853400710955,0.294913658181252,0.845330849540577,ITM2A,FALSE,FALSE
ENSG00000220205,0.872849888417325,0.00545174582416103,0.10609267060623,0.0156056951522839,0.0210574409764449,0.121698365758514,0.0156056951522839,2.37322219443649,2.18903656600548,3,0,0.461307335783922,2,0,0.278896474490126,0.804122931182655,0.341809686534709,0.852649978767268,VAMP2,FALSE,FALSE
ENSG00000181751,0.782430809779862,0.00238666453454166,0.200760526689542,0.0144219989960544,0.016808663530596,0.215182525685596,0.0144219989960544,1.65654119674,2.93619448652317,8,2,3.22428431932455,4,1,0.84616867807781,0.839629758998461,0.278235847555412,0.859296379879102,C5orf30,FALSE,FALSE
ENSG00000106244,0.927599660324234,0.0114301395959471,0.0472565108263277,0.0137136892534909,0.025143828849438,0.0609702000798186,0.0137136892534909,3.05270334594003,1.31947739527917,6,2,1.76948519303432,5,2,1.52786399017222,0.77513168918349,0.458515267119554,0.865343519444216,PDAP1,FALSE,FALSE
ENSG00000070087,0.00134952578651397,7.85416323161067e-07,0.985146962747256,0.0135027260499071,0.0135035114662302,0.998649688797163,0.0135027260499071,0,10.8895247640691,0,0,0,13,4,2.61502187040637,0.856184545940599,0.00016175935514709,0.870850508285393,PFN2,FALSE,FALSE
ENSG00000185668,0.00386360511201024,2.24859617470523e-06,0.982665432850831,0.0134687134409836,0.0134709620371583,0.996134146291815,0.0134687134409836,0,9.83515518937768,0,0,0,14,4,2.77270842598793,0.857813852090878,0.000607155408392698,0.875880107340768,POU3F1,FALSE,FALSE
ENSG00000182687,0.00419309699384697,2.44035857371216e-06,0.982340206853738,0.0134642557938415,0.0134666961524152,0.995804462647579,0.0134642557938415,0,9.75298528569322,0,0,0,8,1,0.916218093626245,0.859402981124911,0.000810436721452206,0.880490758876826,GALR2,FALSE,FALSE
ENSG00000275395,0.0059911361435629,3.48680712029197e-06,0.980565446662319,0.0134399303869984,0.0134434171941187,0.994005377049317,0.0134399303869984,0,9.39433551889734,0,0,0,39,28,16.7257718695795,0.860953634803947,0.00117942110057166,0.884733531306273,ENSG00000275395,FALSE,FALSE
ENSG00000174721,0.0130151399373251,7.57473733155289e-06,0.973632381651182,0.0133449036741611,0.0133524784114926,0.986977285325343,0.0133449036741611,0,8.61140770519517,0,0,0,10,3,1.86123739741708,0.862468018982074,0.00283737584705371,0.888653591499333,FGFBP3,FALSE,FALSE
ENSG00000118689,0.0213493584421306,1.24252050438995e-05,0.96540606509336,0.0132321512594652,0.0132445764645091,0.978638216352825,0.0132321512594652,0,8.10801431075882,0,0,0,10,4,3.03616423472535,0.863947630941043,0.00409903420902856,0.892287452878637,FOXO3,FALSE,FALSE
ENSG00000232653,0.0542201593534343,3.15558239984327e-05,0.932960837787451,0.0127874470351158,0.0128190028591143,0.945748284822567,0.0127874470351158,0,7.14179763713977,0,0,0,21,10,5.98713149515293,0.869542655517866,0.00983863563748862,0.895677635024574,GOLGA8N,FALSE,FALSE
ENSG00000234224,0.0639401059031175,3.72127775421621e-05,0.923366734009551,0.0126559473097895,0.0126931600873316,0.93602268131934,0.0126559473097895,0,6.96656687871694,0,0,0,11,4,2.54855745655833,0.870865848600954,0.0122426104391175,0.898838545978562,TMEM229A,FALSE,FALSE
ENSG00000204619,0.109207841389999,6.35583418279515e-05,0.878685073484797,0.0120435267833756,0.0121070851252035,0.890728600268173,0.0120435267833756,0,6.38166088174011,0,0,0,6,1,1.08234726853257,0.875889300119507,0.0209931992172074,0.901809143553164,PPP1R11,FALSE,FALSE
ENSG00000198914,0.109290731808636,6.36065835795963e-05,0.878603256236674,0.0120424053711099,0.0121060119546895,0.890645661607784,0.0120424053711099,0,6.38080903676785,0,0,0,15,9,5.64712958626112,0.87708083935276,0.0216288908659484,0.904588125845929,POU3F3,FALSE,FALSE
ENSG00000285238,0.109422756335195,6.36834211022673e-05,0.878472941012969,0.0120406192307345,0.0121043026518368,0.890513560243703,0.0120406192307345,0,6.37945342182798,0,0,0,27,20,11.6415391861055,0.878247311542186,0.0222564447865938,0.907193477562283,ENSG00000285238,FALSE,FALSE
ENSG00000176165,0.141012191633168,8.20682925663088e-05,0.847292489661216,0.0116132504130496,0.0116953187056159,0.858905740074265,0.0116132504130496,0,6.08968680195266,0,0,0,9,3,1.89891189803016,0.882687834773251,0.0278876898451053,0.909653879744849,FOXG1,TRUE,FALSE
ENSG00000185112,0.144160712842044,8.3900713981284e-05,0.844184731910649,0.0115706545333259,0.0116545552473072,0.855755386443975,0.0115706545333259,0,6.06392980343146,0,0,0,15,7,4.74995714701285,0.883744410873045,0.0294250457115563,0.911970805207256,FAM43A,FALSE,FALSE
ENSG00000184492,0.168827231532655,9.82564874009296e-05,0.819837567145123,0.0112369448348215,0.0113352013222224,0.831074511979944,0.0112369448348215,0,5.87671753315229,0,0,0,6,1,0.974767856443208,0.885800862546104,0.0335132846976794,0.914164869491768,FOXD4L1,FALSE,FALSE
ENSG00000012817,0.21202532912332,0.000123397534216238,0.777198749207772,0.0106525241346913,0.0107759216689075,0.787851273342463,0.0106525241346913,0,5.59547755837271,0,0,0,4,0,0.314312063707902,0.88875380916402,0.0457600352077819,0.916253275224366,KDM5D,FALSE,FALSE
ENSG00000042753,0.923930319676355,0.0585203364275886,0.00704323913175235,0.0105061047643036,0.0690264411918922,0.0175493438960559,0.0105061047643036,4.6897875621592,-0.580081294136052,7,0,1.50086698392394,10,7,4.89243760563482,0.605206747299451,0.631235270009384,0.918232751440889,AP2S1,TRUE,FALSE
ENSG00000138622,0.00391078684576423,1.6162036696793e-06,0.986486413904666,0.00960118304590016,0.00960279924956984,0.996087596950566,0.00960118304590016,-0.342363992401909,9.82689815503269,19,12,10.607998738548,49,31,19.0667545376413,0.897546314019345,0.000708473382419729,0.920131858428078,HCN4,FALSE,FALSE
ENSG00000196872,0.311136231190253,0.000181079514853057,0.679371021957308,0.00931166733758525,0.00949274685243831,0.688682689294894,0.00931166733758525,0,5.07742373849433,0,0,0,20,13,7.87511232324122,0.899908891818531,0.0620656488559792,0.921940998793061,KIAA1211L,FALSE,FALSE
ENSG00000142700,0.324153355438681,0.000188655407042372,0.666522428573499,0.0091355605807777,0.00932421598782007,0.675657989154277,0.0091355605807777,0,5.01734426201802,0,0,0,9,3,2.15163964732683,0.90215791050149,0.0648884290251854,0.923664084808715,DMRTA2,FALSE,FALSE
ENSG00000123728,0.325659603647094,0.000189532034922656,0.665035681547379,0.00911518277060486,0.00930471480552751,0.674150864317983,0.00911518277060486,0,5.01047521517877,0,0,0,7,1,1.54722270637959,0.902883626687498,0.0662990274395467,0.925303614867756,RAP2C,FALSE,FALSE
ENSG00000170035,3.21879310807901e-06,1.25172770797185e-09,0.990921547177037,0.00907523277812698,0.00907523402985469,0.999996779955164,0.00907523277812698,-0.40318709946192,16.9338713614858,3,1,1.84951198273312,21,5,3.70253678602936,0.905676176776354,3.21011154201677e-07,0.92686602325714,UBE2E3,FALSE,FALSE
ENSG00000182287,0.177790490314013,8.19620529583316e-05,0.813297653070999,0.00882989456202983,0.00891185661498817,0.822127547633029,0.00882989456202983,-0.233054849697942,5.81697851789013,2,0,1.21513971351708,8,2,1.70915178108152,0.906348711946501,0.0353283673276798,0.928361467028787,AP1S2,FALSE,FALSE
ENSG00000273820,0.364300543684922,0.000212020841991986,0.626895020289252,0.00859241518383323,0.00880443602582522,0.635487435473086,0.00859241518383323,0,4.83928709319546,0,0,0,10,5,3.07341789674282,0.907664050419412,0.0790576651223902,0.929794333342137,ENSG00000273820,FALSE,FALSE
ENSG00000163251,0.380202895868414,0.000221275920410186,0.61119855360795,0.00837727460322577,0.00859855052363596,0.619575828211176,0.00837727460322577,0,4.77120401940716,0,0,0,13,6,4.33499989763994,0.910179126132906,0.0806031343873463,0.931168297610017,FZD5,FALSE,FALSE
ENSG00000155254,0.41511604904914,0.000241595176755779,0.576737416078285,0.00790493969581906,0.00814653487257484,0.584642355774104,0.00790493969581906,0,4.62531615549618,0,0,0,5,1,0.866696238128819,0.910788636125403,0.0915861499086725,0.932492792451195,MARVELD1,FALSE,FALSE
ENSG00000212864,0.434581194487932,0.000252923780560989,0.557524283121522,0.00764159860998537,0.00789452239054636,0.565165881731507,0.00764159860998537,0,4.54561045827941,0,0,0,8,3,2.55916356562902,0.912567261349564,0.0949238489789157,0.933766528811595,RNF208,FALSE,FALSE
ENSG00000170923,0.955884695676,0.02354837967874,0.0130156190257366,0.0075513056195237,0.0310996852982637,0.0205669246452603,0.0075513056195237,3.74546961436782,0,8,3,2.52171434748853,0,0,0,0.741418176751008,0.601137433758695,0.934989073927614,OR7G2,FALSE,FALSE
ENSG00000185304,0.460092827763367,0.000267771405856675,0.532342945350046,0.0072964554807306,0.00756422688658728,0.539639400830776,0.0072964554807306,0,4.44234684192068,0,0,0,11,5,3.05340146391759,0.915913376547464,0.111594630533289,0.936166920266219,RGPD2,FALSE,FALSE
ENSG00000130706,0.879288414498353,0.00230046841146459,0.111538659890145,0.00687245720003672,0.00917292561150131,0.118411117090182,0.00687245720003672,1.50304969316641,2.23174549056201,4,6,1.44569973075301,2,0,0.27035468957882,0.904994188062803,0.347961545801522,0.937306132716894,ADRM1,FALSE,FALSE
