iter,loglik,00,10,01,11
1,240.463318940345,0.969019461264705,0.0105182630990252,0.018064103199453,0.00239817243681688
2,1143.56415631198,0.981087062983596,0.00380583628997844,0.0143580364230641,0.000749064303361341
3,1249.58345235721,0.984185425170815,0.00185158889824029,0.0135725130348066,0.000390472896137656
4,1269.98952360178,0.985158968851121,0.00115302866511523,0.0134143964651773,0.000273606018587014
5,1274.85257122139,0.985517061621214,0.000860808815347201,0.013395803264857,0.00022632629858199
6,1276.14345068066,0.985668318646795,0.000723887046491635,0.0134029488406708,0.000204845466042711
7,1276.50916180541,0.985739620518233,0.000654775816487325,0.013411128579929,0.000194475085350889
8,1276.61709027896,0.985775868571976,0.000618266230876575,0.01341655460411,0.000189310593037915
9,1276.64975401839,0.985795171581379,0.000598454715502032,0.0134196749434822,0.000186698759637183
10,1276.65979233487,0.985805727245996,0.000587536339909639,0.0134213679626072,0.000185368451487521
11,1276.66290651541,0.985811584094842,0.000581465502704808,0.0134222613494363,0.000184689053017402
12,1276.66387833092,0.985814859236539,0.000578072884651752,0.0134227258848244,0.000184341993984589
13,1276.66418275194,0.985816698260695,0.000576171477093116,0.0134229653485479,0.000184164913664179
14,1276.66427835561,0.985817733115391,0.000575104056976913,0.0134230880762281,0.000184074751404394
15,1276.66430843395,0.985818316089172,0.000574504247535804,0.0134231506907112,0.000184028972580806
16,1276.6643179097,0.985818644678397,0.000574167008466087,0.0134231825048876,0.000184005808249022
17,1276.66432089796,0.985818829930555,0.000573977332608518,0.0134231986023851,0.000183994134451288
18,1276.66432184112,0.985818934381129,0.000573870628666286,0.0134232067107539,0.00018398827945106
19,1276.66432213898,0.985818993273697,0.000573810592729598,0.0134232107741445,0.000183985359428572
20,1276.66432223319,0.985819026477994,0.000573776810679248,0.0134232127984006,0.000183983912925812
21,1276.66432226293,0.985819045197897,0.000573757800176845,0.0134232137997594,0.000183983202166989
22,1276.6643222723,0.985819055751111,0.000573747101567882,0.0134232142909334,0.000183982856387934
23,1276.66432227516,0.985819061700012,0.000573741080370604,0.0134232145293658,0.000183982690251322
