"seed","replicate","method","parameter","truth","estimate","abs_error"
20260813,1,"mirage_joint","pi00",0.94,0.883343573306357,0.0566564266936426
20260813,1,"mirage_joint","pi10",0.04,0.00285168978948655,0.0371483102105135
20260813,1,"mirage_joint","pi01",0.01,0.0716473377167642,0.0616473377167642
20260813,1,"mirage_joint","pi11",0.01,0.0421573991873918,0.0321573991873918
20260813,1,"mirage_joint","eta1_C1",0.05,0.00549643701102157,0.0445035629889784
20260813,1,"mirage_joint","eta1_C2",0.2,0.250908304829756,0.0509083048297561
20260813,1,"mirage_joint","eta1_C3",0.5,0.716717245427296,0.216717245427296
20260813,1,"mirage_joint","eta2_C1",0.03,0.0818213362461081,0.0518213362461081
20260813,1,"mirage_joint","eta2_C2",0.15,0.337348503101644,0.187348503101644
20260813,1,"mirage_joint","eta2_C3",0.4,0.395792450323554,0.00420754967644632
20260813,1,"separate_mirage","pi00",0.94,0.931,0.00900000000000001
20260813,1,"separate_mirage","pi10",0.04,0.049,0.009
20260813,1,"separate_mirage","pi01",0.01,0.019,0.009
20260813,1,"separate_mirage","pi11",0.01,0.001,0.009
20260813,1,"separate_mirage","eta1_C1",0.05,0.0124197309760305,0.0375802690239695
20260813,1,"separate_mirage","eta1_C2",0.2,0.25186914825718,0.0518691482571796
20260813,1,"separate_mirage","eta1_C3",0.5,0.706780409420669,0.206780409420669
20260813,1,"separate_mirage","eta2_C1",0.03,0.0770424044805125,0.0470424044805125
20260813,1,"separate_mirage","eta2_C2",0.15,0.499932667983592,0.349932667983592
20260813,1,"separate_mirage","eta2_C3",0.4,0.977794854232347,0.577794854232347
20260813,1,"mtada_aggregated","pi00",0.94,0.948356164383562,0.00835616438356168
20260813,1,"mtada_aggregated","pi10",0.04,0.0316438356164384,0.00835616438356165
20260813,1,"mtada_aggregated","pi01",0.01,0.00164383561643835,0.00835616438356165
20260813,1,"mtada_aggregated","pi11",0.01,0.0183561643835616,0.00835616438356165
20260814,2,"mirage_joint","pi00",0.94,0.845601270999159,0.094398729000841
20260814,2,"mirage_joint","pi10",0.04,0.0843264444738955,0.0443264444738955
20260814,2,"mirage_joint","pi01",0.01,0.0304299089795815,0.0204299089795815
20260814,2,"mirage_joint","pi11",0.01,0.0396423755473641,0.0296423755473641
20260814,2,"mirage_joint","eta1_C1",0.05,0.0988249221714828,0.0488249221714828
20260814,2,"mirage_joint","eta1_C2",0.2,0.190813754891874,0.00918624510812568
20260814,2,"mirage_joint","eta1_C3",0.5,0.483070926121398,0.0169290738786019
20260814,2,"mirage_joint","eta2_C1",0.03,0.0582653900945886,0.0282653900945886
20260814,2,"mirage_joint","eta2_C2",0.15,0.373468444402158,0.223468444402158
20260814,2,"mirage_joint","eta2_C3",0.4,0.000182959163080143,0.39981704083692
20260814,2,"separate_mirage","pi00",0.94,0.931,0.00900000000000001
20260814,2,"separate_mirage","pi10",0.04,0.049,0.009
20260814,2,"separate_mirage","pi01",0.01,0.019,0.009
20260814,2,"separate_mirage","pi11",0.01,0.001,0.009
20260814,2,"separate_mirage","eta1_C1",0.05,0.194172602437393,0.144172602437393
20260814,2,"separate_mirage","eta1_C2",0.2,0.269234090850533,0.069234090850533
20260814,2,"separate_mirage","eta1_C3",0.5,0.766314474723914,0.266314474723914
20260814,2,"separate_mirage","eta2_C1",0.03,0.13455799025297,0.10455799025297
20260814,2,"separate_mirage","eta2_C2",0.15,0.575582141617172,0.425582141617172
20260814,2,"separate_mirage","eta2_C3",0.4,0.000766457971808585,0.399233542028191
20260814,2,"mtada_aggregated","pi00",0.94,0.9449736,0.00497360000000002
20260814,2,"mtada_aggregated","pi10",0.04,0.0350264,0.0049736
20260814,2,"mtada_aggregated","pi01",0.01,0.0050264,0.0049736
20260814,2,"mtada_aggregated","pi11",0.01,0.0149736,0.0049736
20260815,3,"mirage_joint","pi00",0.94,0.782343314468635,0.157656685531365
20260815,3,"mirage_joint","pi10",0.04,0.113098916716362,0.0730989167163622
20260815,3,"mirage_joint","pi01",0.01,0.0240404445492306,0.0140404445492306
20260815,3,"mirage_joint","pi11",0.01,0.0805173242657723,0.0705173242657724
20260815,3,"mirage_joint","eta1_C1",0.05,0.141451476370346,0.0914514763703461
20260815,3,"mirage_joint","eta1_C2",0.2,0.107401617908661,0.0925983820913393
20260815,3,"mirage_joint","eta1_C3",0.5,0.368038850096219,0.131961149903781
20260815,3,"mirage_joint","eta2_C1",0.03,0.0028730439173177,0.0271269560826823
20260815,3,"mirage_joint","eta2_C2",0.15,0.523400256725452,0.373400256725452
20260815,3,"mirage_joint","eta2_C3",0.4,0.220058199011251,0.179941800988749
20260815,3,"separate_mirage","pi00",0.94,0.931,0.00900000000000001
20260815,3,"separate_mirage","pi10",0.04,0.049,0.009
20260815,3,"separate_mirage","pi01",0.01,0.019,0.009
20260815,3,"separate_mirage","pi11",0.01,0.001,0.009
20260815,3,"separate_mirage","eta1_C1",0.05,0.293692084481022,0.243692084481022
20260815,3,"separate_mirage","eta1_C2",0.2,0.192721747944286,0.00727825205571392
20260815,3,"separate_mirage","eta1_C3",0.5,0.764614618446018,0.264614618446018
20260815,3,"separate_mirage","eta2_C1",0.03,0.00225954686830081,0.0277404531316992
20260815,3,"separate_mirage","eta2_C2",0.15,0.857863183561177,0.707863183561177
20260815,3,"separate_mirage","eta2_C3",0.4,0.725089415380649,0.325089415380649
20260815,3,"mtada_aggregated","pi00",0.94,0.93342128,0.00657872000000004
20260815,3,"mtada_aggregated","pi10",0.04,0.04657872,0.00657872
20260815,3,"mtada_aggregated","pi01",0.01,0.01657872,0.00657872
20260815,3,"mtada_aggregated","pi11",0.01,0.00342128,0.00657872
20260816,4,"mirage_joint","pi00",0.94,0.829613124202916,0.110386875797084
20260816,4,"mirage_joint","pi10",0.04,0.140149702079651,0.100149702079651
20260816,4,"mirage_joint","pi01",0.01,0.000118037532387896,0.0098819624676121
20260816,4,"mirage_joint","pi11",0.01,0.0301191361850442,0.0201191361850442
20260816,4,"mirage_joint","eta1_C1",0.05,0.0957415722650514,0.0457415722650514
20260816,4,"mirage_joint","eta1_C2",0.2,0.327991963447548,0.127991963447548
20260816,4,"mirage_joint","eta1_C3",0.5,0.143723529192991,0.356276470807009
20260816,4,"mirage_joint","eta2_C1",0.03,0.167104411774778,0.137104411774779
20260816,4,"mirage_joint","eta2_C2",0.15,0.0737916851209146,0.0762083148790854
20260816,4,"mirage_joint","eta2_C3",0.4,0.571729289123531,0.171729289123531
20260816,4,"separate_mirage","pi00",0.94,0.931,0.00900000000000001
20260816,4,"separate_mirage","pi10",0.04,0.049,0.009
20260816,4,"separate_mirage","pi01",0.01,0.019,0.009
20260816,4,"separate_mirage","pi11",0.01,0.001,0.009
20260816,4,"separate_mirage","eta1_C1",0.05,0.163170155684937,0.113170155684937
20260816,4,"separate_mirage","eta1_C2",0.2,0.526039747826184,0.326039747826184
20260816,4,"separate_mirage","eta1_C3",0.5,0.454293184305994,0.0457068156940056
20260816,4,"separate_mirage","eta2_C1",0.03,0.150217950018554,0.120217950018554
20260816,4,"separate_mirage","eta2_C2",0.15,0.0646661816302563,0.0853338183697437
20260816,4,"separate_mirage","eta2_C3",0.4,0.72745364050311,0.32745364050311
20260816,4,"mtada_aggregated","pi00",0.94,0.93512376,0.00487623999999998
20260816,4,"mtada_aggregated","pi10",0.04,0.04487624,0.00487624
20260816,4,"mtada_aggregated","pi01",0.01,0.01487624,0.00487624
20260816,4,"mtada_aggregated","pi11",0.01,0.00512376,0.00487624
20260817,5,"mirage_joint","pi00",0.94,0.854818302877817,0.0851816971221825
20260817,5,"mirage_joint","pi10",0.04,0.0603346588593367,0.0203346588593367
20260817,5,"mirage_joint","pi01",0.01,0.0453500867594953,0.0353500867594953
20260817,5,"mirage_joint","pi11",0.01,0.0394969515033506,0.0294969515033506
20260817,5,"mirage_joint","eta1_C1",0.05,0.0732786997115106,0.0232786997115106
20260817,5,"mirage_joint","eta1_C2",0.2,0.390851541318504,0.190851541318504
20260817,5,"mirage_joint","eta1_C3",0.5,0.621322703772012,0.121322703772012
20260817,5,"mirage_joint","eta2_C1",0.03,0.00775860245894765,0.0222413975410523
20260817,5,"mirage_joint","eta2_C2",0.15,0.163715270592714,0.0137152705927137
20260817,5,"mirage_joint","eta2_C3",0.4,0.140339670300649,0.259660329699351
20260817,5,"separate_mirage","pi00",0.94,0.931,0.00900000000000001
20260817,5,"separate_mirage","pi10",0.04,0.049,0.009
20260817,5,"separate_mirage","pi01",0.01,0.019,0.009
20260817,5,"separate_mirage","pi11",0.01,0.001,0.009
20260817,5,"separate_mirage","eta1_C1",0.05,0.0930120825582636,0.0430120825582636
20260817,5,"separate_mirage","eta1_C2",0.2,0.567005403651194,0.367005403651194
20260817,5,"separate_mirage","eta1_C3",0.5,0.83799634928401,0.33799634928401
20260817,5,"separate_mirage","eta2_C1",0.03,0.000512355931227396,0.0294876440687726
20260817,5,"separate_mirage","eta2_C2",0.15,0.440573512982696,0.290573512982696
20260817,5,"separate_mirage","eta2_C3",0.4,0.309788360908255,0.0902116390917447
20260817,5,"mtada_aggregated","pi00",0.94,0.947534246575342,0.00753424657534241
20260817,5,"mtada_aggregated","pi10",0.04,0.0324657534246575,0.00753424657534246
20260817,5,"mtada_aggregated","pi01",0.01,0.00246575342465754,0.00753424657534246
20260817,5,"mtada_aggregated","pi11",0.01,0.0175342465753425,0.00753424657534246
20260818,6,"mirage_joint","pi00",0.94,0.921826099675451,0.0181739003245489
20260818,6,"mirage_joint","pi10",0.04,0.0100435334886778,0.0299564665113222
20260818,6,"mirage_joint","pi01",0.01,0.00220287266718161,0.00779712733281839
20260818,6,"mirage_joint","pi11",0.01,0.0659274941686896,0.0559274941686896
20260818,6,"mirage_joint","eta1_C1",0.05,0.212514822511925,0.162514822511925
20260818,6,"mirage_joint","eta1_C2",0.2,0.185742563708839,0.0142574362911612
20260818,6,"mirage_joint","eta1_C3",0.5,0.830422298996023,0.330422298996023
20260818,6,"mirage_joint","eta2_C1",0.03,0.236944818040377,0.206944818040377
20260818,6,"mirage_joint","eta2_C2",0.15,0.139439404464025,0.0105605955359754
20260818,6,"mirage_joint","eta2_C3",0.4,0.000277900008474275,0.399722099991526
20260818,6,"separate_mirage","pi00",0.94,0.931,0.00900000000000001
20260818,6,"separate_mirage","pi10",0.04,0.049,0.009
20260818,6,"separate_mirage","pi01",0.01,0.019,0.009
20260818,6,"separate_mirage","pi11",0.01,0.001,0.009
20260818,6,"separate_mirage","eta1_C1",0.05,0.249662424312913,0.199662424312913
20260818,6,"separate_mirage","eta1_C2",0.2,0.145926227348326,0.0540737726516742
20260818,6,"separate_mirage","eta1_C3",0.5,0.999195877526113,0.499195877526113
20260818,6,"separate_mirage","eta2_C1",0.03,0.137624498548326,0.107624498548326
20260818,6,"separate_mirage","eta2_C2",0.15,0.0556622930425142,0.0943377069574858
20260818,6,"separate_mirage","eta2_C3",0.4,7.1977443214646e-05,0.399928022556785
20260818,6,"mtada_aggregated","pi00",0.94,0.947886497064579,0.00788649706457922
20260818,6,"mtada_aggregated","pi10",0.04,0.0321135029354207,0.00788649706457926
20260818,6,"mtada_aggregated","pi01",0.01,0.00211350293542074,0.00788649706457926
20260818,6,"mtada_aggregated","pi11",0.01,0.0178864970645793,0.00788649706457926
20260819,7,"mirage_joint","pi00",0.94,0.824895897598238,0.115104102401762
20260819,7,"mirage_joint","pi10",0.04,0.132789540295531,0.0927895402955307
20260819,7,"mirage_joint","pi01",0.01,0.0278062169566622,0.0178062169566622
20260819,7,"mirage_joint","pi11",0.01,0.0145083451495694,0.0045083451495694
20260819,7,"mirage_joint","eta1_C1",0.05,0.0929741867242281,0.0429741867242281
20260819,7,"mirage_joint","eta1_C2",0.2,0.314515626868977,0.114515626868977
20260819,7,"mirage_joint","eta1_C3",0.5,0.277071923695996,0.222928076304004
20260819,7,"mirage_joint","eta2_C1",0.03,0.00352371008896773,0.0264762899110323
20260819,7,"mirage_joint","eta2_C2",0.15,0.125811625497624,0.0241883745023763
20260819,7,"mirage_joint","eta2_C3",0.4,0.182073799123828,0.217926200876172
20260819,7,"separate_mirage","pi00",0.94,0.931,0.00900000000000001
20260819,7,"separate_mirage","pi10",0.04,0.049,0.009
20260819,7,"separate_mirage","pi01",0.01,0.019,0.009
20260819,7,"separate_mirage","pi11",0.01,0.001,0.009
20260819,7,"separate_mirage","eta1_C1",0.05,0.102783552488802,0.052783552488802
20260819,7,"separate_mirage","eta1_C2",0.2,0.706129905758421,0.506129905758421
20260819,7,"separate_mirage","eta1_C3",0.5,0.465169980407518,0.0348300195924817
20260819,7,"separate_mirage","eta2_C1",0.03,0.00126455600637294,0.0287354439936271
20260819,7,"separate_mirage","eta2_C2",0.15,0.109196853840528,0.040803146159472
20260819,7,"separate_mirage","eta2_C3",0.4,0.33439832816212,0.0656016718378805
20260819,7,"mtada_aggregated","pi00",0.94,0.947299412915851,0.00729941291585123
20260819,7,"mtada_aggregated","pi10",0.04,0.0327005870841487,0.00729941291585127
20260819,7,"mtada_aggregated","pi01",0.01,0.00270058708414873,0.00729941291585127
20260819,7,"mtada_aggregated","pi11",0.01,0.0172994129158513,0.00729941291585127
20260820,8,"mirage_joint","pi00",0.94,0.84205709014277,0.09794290985723
20260820,8,"mirage_joint","pi10",0.04,0.0609592063260902,0.0209592063260902
20260820,8,"mirage_joint","pi01",0.01,0.00171103413990352,0.00828896586009648
20260820,8,"mirage_joint","pi11",0.01,0.0952726693912363,0.0852726693912363
20260820,8,"mirage_joint","eta1_C1",0.05,0.0651002258305493,0.0151002258305493
20260820,8,"mirage_joint","eta1_C2",0.2,0.290599997941321,0.0905999979413213
20260820,8,"mirage_joint","eta1_C3",0.5,0.290533144169465,0.209466855830535
20260820,8,"mirage_joint","eta2_C1",0.03,0.0822992461495881,0.0522992461495881
20260820,8,"mirage_joint","eta2_C2",0.15,0.259259529798262,0.109259529798262
20260820,8,"mirage_joint","eta2_C3",0.4,0.61936628530162,0.21936628530162
20260820,8,"separate_mirage","pi00",0.94,0.931,0.00900000000000001
20260820,8,"separate_mirage","pi10",0.04,0.049,0.009
20260820,8,"separate_mirage","pi01",0.01,0.019,0.009
20260820,8,"separate_mirage","pi11",0.01,0.001,0.009
20260820,8,"separate_mirage","eta1_C1",0.05,0.0856542170893157,0.0356542170893157
20260820,8,"separate_mirage","eta1_C2",0.2,0.4666231103002,0.2666231103002
20260820,8,"separate_mirage","eta1_C3",0.5,0.56786922982444,0.0678692298244397
20260820,8,"separate_mirage","eta2_C1",0.03,0.11273283771073,0.0827328377107303
20260820,8,"separate_mirage","eta2_C2",0.15,0.378839609503127,0.228839609503127
20260820,8,"separate_mirage","eta2_C3",0.4,0.999945708209182,0.599945708209182
20260820,8,"mtada_aggregated","pi00",0.94,0.93589307,0.00410693000000006
20260820,8,"mtada_aggregated","pi10",0.04,0.04410693,0.00410693
20260820,8,"mtada_aggregated","pi01",0.01,0.01410693,0.00410693
20260820,8,"mtada_aggregated","pi11",0.01,0.00589307,0.00410693
20260821,9,"mirage_joint","pi00",0.94,0.860224025024104,0.079775974975896
20260821,9,"mirage_joint","pi10",0.04,0.0136822335024687,0.0263177664975313
20260821,9,"mirage_joint","pi01",0.01,0.00717901004729151,0.00282098995270849
20260821,9,"mirage_joint","pi11",0.01,0.118914731426136,0.108914731426136
20260821,9,"mirage_joint","eta1_C1",0.05,0.0357471500184383,0.0142528499815617
20260821,9,"mirage_joint","eta1_C2",0.2,0.31700530665852,0.11700530665852
20260821,9,"mirage_joint","eta1_C3",0.5,0.412525340997164,0.0874746590028356
20260821,9,"mirage_joint","eta2_C1",0.03,0.0718136256189612,0.0418136256189612
20260821,9,"mirage_joint","eta2_C2",0.15,0.0154564071746534,0.134543592825347
20260821,9,"mirage_joint","eta2_C3",0.4,0.549367078839799,0.149367078839799
20260821,9,"separate_mirage","pi00",0.94,0.931,0.00900000000000001
20260821,9,"separate_mirage","pi10",0.04,0.049,0.009
20260821,9,"separate_mirage","pi01",0.01,0.019,0.009
20260821,9,"separate_mirage","pi11",0.01,0.001,0.009
20260821,9,"separate_mirage","eta1_C1",0.05,0.0451125427579576,0.00488745724204244
20260821,9,"separate_mirage","eta1_C2",0.2,0.445760472660985,0.245760472660985
20260821,9,"separate_mirage","eta1_C3",0.5,0.646547559910818,0.146547559910818
20260821,9,"separate_mirage","eta2_C1",0.03,0.179571375699047,0.149571375699047
20260821,9,"separate_mirage","eta2_C2",0.15,0.0122933877655285,0.137706612234471
20260821,9,"separate_mirage","eta2_C3",0.4,0.76557294616244,0.36557294616244
20260821,9,"mtada_aggregated","pi00",0.94,0.9445601,0.00456009999999996
20260821,9,"mtada_aggregated","pi10",0.04,0.0354399,0.0045601
20260821,9,"mtada_aggregated","pi01",0.01,0.0054399,0.0045601
20260821,9,"mtada_aggregated","pi11",0.01,0.0145601,0.0045601
20260822,10,"mirage_joint","pi00",0.94,0.764612984692423,0.175387015307577
20260822,10,"mirage_joint","pi10",0.04,0.092466435319733,0.052466435319733
20260822,10,"mirage_joint","pi01",0.01,0.00556576666177341,0.00443423333822659
20260822,10,"mirage_joint","pi11",0.01,0.137354813326071,0.127354813326071
20260822,10,"mirage_joint","eta1_C1",0.05,0.00725817106901763,0.0427418289309824
20260822,10,"mirage_joint","eta1_C2",0.2,0.238778451570229,0.0387784515702293
20260822,10,"mirage_joint","eta1_C3",0.5,0.256076658601572,0.243923341398428
20260822,10,"mirage_joint","eta2_C1",0.03,0.019161727433954,0.010838272566046
20260822,10,"mirage_joint","eta2_C2",0.15,0.0875712094509224,0.0624287905490776
20260822,10,"mirage_joint","eta2_C3",0.4,0.22055301989467,0.17944698010533
20260822,10,"separate_mirage","pi00",0.94,0.931,0.00900000000000001
20260822,10,"separate_mirage","pi10",0.04,0.049,0.009
20260822,10,"separate_mirage","pi01",0.01,0.019,0.009
20260822,10,"separate_mirage","pi11",0.01,0.001,0.009
20260822,10,"separate_mirage","eta1_C1",0.05,0.000939287003434536,0.0490607129965655
20260822,10,"separate_mirage","eta1_C2",0.2,0.455565840159347,0.255565840159347
20260822,10,"separate_mirage","eta1_C3",0.5,0.586918478745854,0.0869184787458542
20260822,10,"separate_mirage","eta2_C1",0.03,0.134616001495527,0.104616001495527
20260822,10,"separate_mirage","eta2_C2",0.15,0.597998125133258,0.447998125133258
20260822,10,"separate_mirage","eta2_C3",0.4,0.411095498070735,0.0110954980707354
20260822,10,"mtada_aggregated","pi00",0.94,0.948160469667319,0.00816046966731898
20260822,10,"mtada_aggregated","pi10",0.04,0.031839530332681,0.00816046966731898
20260822,10,"mtada_aggregated","pi01",0.01,0.00183953033268102,0.00816046966731898
20260822,10,"mtada_aggregated","pi11",0.01,0.018160469667319,0.00816046966731898
20260823,11,"mirage_joint","pi00",0.94,0.882035162689518,0.0579648373104816
20260823,11,"mirage_joint","pi10",0.04,0.108889500701218,0.0688895007012176
20260823,11,"mirage_joint","pi01",0.01,0.00448525450426283,0.00551474549573717
20260823,11,"mirage_joint","pi11",0.01,0.00459008210500124,0.00540991789499876
20260823,11,"mirage_joint","eta1_C1",0.05,0.0714427483357835,0.0214427483357835
20260823,11,"mirage_joint","eta1_C2",0.2,0.307254554189694,0.107254554189694
20260823,11,"mirage_joint","eta1_C3",0.5,0.658501613261495,0.158501613261495
20260823,11,"mirage_joint","eta2_C1",0.03,0.00768228504307083,0.0223177149569292
20260823,11,"mirage_joint","eta2_C2",0.15,0.0496440604125395,0.10035593958746
20260823,11,"mirage_joint","eta2_C3",0.4,0.000236738388636283,0.399763261611364
20260823,11,"separate_mirage","pi00",0.94,0.931,0.00900000000000001
20260823,11,"separate_mirage","pi10",0.04,0.049,0.009
20260823,11,"separate_mirage","pi01",0.01,0.019,0.009
20260823,11,"separate_mirage","pi11",0.01,0.001,0.009
20260823,11,"separate_mirage","eta1_C1",0.05,0.110845441464492,0.0608454414644919
20260823,11,"separate_mirage","eta1_C2",0.2,0.648117932601885,0.448117932601885
20260823,11,"separate_mirage","eta1_C3",0.5,0.909509973975845,0.409509973975845
20260823,11,"separate_mirage","eta2_C1",0.03,0.00414690097941388,0.0258530990205861
20260823,11,"separate_mirage","eta2_C2",0.15,0.154588589769323,0.00458858976932339
20260823,11,"separate_mirage","eta2_C3",0.4,0.00339403497477808,0.396605965025222
20260823,11,"mtada_aggregated","pi00",0.94,0.93251816,0.00748183999999996
20260823,11,"mtada_aggregated","pi10",0.04,0.04748184,0.00748184
20260823,11,"mtada_aggregated","pi01",0.01,0.01748184,0.00748184
20260823,11,"mtada_aggregated","pi11",0.01,0.00251816,0.00748184
20260824,12,"mirage_joint","pi00",0.94,0.82526809225144,0.11473190774856
20260824,12,"mirage_joint","pi10",0.04,0.0902263382696716,0.0502263382696716
20260824,12,"mirage_joint","pi01",0.01,0.0547886398634157,0.0447886398634157
20260824,12,"mirage_joint","pi11",0.01,0.0297169296154724,0.0197169296154724
20260824,12,"mirage_joint","eta1_C1",0.05,0.124646026951286,0.0746460269512861
20260824,12,"mirage_joint","eta1_C2",0.2,0.124637224722279,0.0753627752777206
20260824,12,"mirage_joint","eta1_C3",0.5,0.529036192743347,0.0290361927433469
20260824,12,"mirage_joint","eta2_C1",0.03,0.170060653629334,0.140060653629334
20260824,12,"mirage_joint","eta2_C2",0.15,0.303543069480183,0.153543069480183
20260824,12,"mirage_joint","eta2_C3",0.4,0.000314155066634858,0.399685844933365
20260824,12,"separate_mirage","pi00",0.94,0.931,0.00900000000000001
20260824,12,"separate_mirage","pi10",0.04,0.049,0.009
20260824,12,"separate_mirage","pi01",0.01,0.019,0.009
20260824,12,"separate_mirage","pi11",0.01,0.001,0.009
20260824,12,"separate_mirage","eta1_C1",0.05,0.259402584483161,0.209402584483161
20260824,12,"separate_mirage","eta1_C2",0.2,0.159251746260669,0.0407482537393315
20260824,12,"separate_mirage","eta1_C3",0.5,0.986794969844136,0.486794969844136
20260824,12,"separate_mirage","eta2_C1",0.03,0.399440197647966,0.369440197647966
20260824,12,"separate_mirage","eta2_C2",0.15,0.798998411799033,0.648998411799033
20260824,12,"separate_mirage","eta2_C3",0.4,3.578280908402e-07,0.399999642171909
20260824,12,"mtada_aggregated","pi00",0.94,0.9391091,0.000890900000000028
20260824,12,"mtada_aggregated","pi10",0.04,0.0408909,0.0008909
20260824,12,"mtada_aggregated","pi01",0.01,0.0108909,0.0008909
20260824,12,"mtada_aggregated","pi11",0.01,0.0091091,0.0008909
20260825,13,"mirage_joint","pi00",0.94,0.81078807599873,0.12921192400127
20260825,13,"mirage_joint","pi10",0.04,0.125097114759244,0.0850971147592441
20260825,13,"mirage_joint","pi01",0.01,0.00223150435592644,0.00776849564407356
20260825,13,"mirage_joint","pi11",0.01,0.0618833048860993,0.0518833048860993
20260825,13,"mirage_joint","eta1_C1",0.05,0.0927465878154929,0.0427465878154929
20260825,13,"mirage_joint","eta1_C2",0.2,0.00522352915170838,0.194776470848292
20260825,13,"mirage_joint","eta1_C3",0.5,0.521573082782051,0.0215730827820511
20260825,13,"mirage_joint","eta2_C1",0.03,0.0277771903569023,0.00222280964309772
20260825,13,"mirage_joint","eta2_C2",0.15,0.276531615818126,0.126531615818126
20260825,13,"mirage_joint","eta2_C3",0.4,0.0445132204351145,0.355486779564886
20260825,13,"separate_mirage","pi00",0.94,0.931,0.00900000000000001
20260825,13,"separate_mirage","pi10",0.04,0.049,0.009
20260825,13,"separate_mirage","pi01",0.01,0.019,0.009
20260825,13,"separate_mirage","pi11",0.01,0.001,0.009
20260825,13,"separate_mirage","eta1_C1",0.05,0.0222217678219452,0.0277782321780548
20260825,13,"separate_mirage","eta1_C2",0.2,0.0102086045314927,0.189791395468507
20260825,13,"separate_mirage","eta1_C3",0.5,0.976254490987386,0.476254490987386
20260825,13,"separate_mirage","eta2_C1",0.03,0.145528560044766,0.115528560044766
20260825,13,"separate_mirage","eta2_C2",0.15,0.293951990560234,0.143951990560234
20260825,13,"separate_mirage","eta2_C3",0.4,0.115001298133957,0.284998701866043
20260825,13,"mtada_aggregated","pi00",0.94,0.93651898,0.00348102000000006
20260825,13,"mtada_aggregated","pi10",0.04,0.04348102,0.00348102
20260825,13,"mtada_aggregated","pi01",0.01,0.01348102,0.00348102
20260825,13,"mtada_aggregated","pi11",0.01,0.00651898,0.00348102
20260826,14,"mirage_joint","pi00",0.94,0.929989077201665,0.0100109227983346
20260826,14,"mirage_joint","pi10",0.04,0.0264567117842178,0.0135432882157822
20260826,14,"mirage_joint","pi01",0.01,2.68888249769997e-05,0.009973111175023
20260826,14,"mirage_joint","pi11",0.01,0.0435273221891398,0.0335273221891398
20260826,14,"mirage_joint","eta1_C1",0.05,0.0311311054977191,0.0188688945022809
20260826,14,"mirage_joint","eta1_C2",0.2,0.435825352891971,0.235825352891971
20260826,14,"mirage_joint","eta1_C3",0.5,0.955436349615644,0.455436349615644
20260826,14,"mirage_joint","eta2_C1",0.03,0.000150857566406786,0.0298491424335932
20260826,14,"mirage_joint","eta2_C2",0.15,0.168461367897027,0.0184613678970267
20260826,14,"mirage_joint","eta2_C3",0.4,0.98268131559076,0.582681315590759
20260826,14,"separate_mirage","pi00",0.94,0.931,0.00900000000000001
20260826,14,"separate_mirage","pi10",0.04,0.049,0.009
20260826,14,"separate_mirage","pi01",0.01,0.019,0.009
20260826,14,"separate_mirage","pi11",0.01,0.001,0.009
20260826,14,"separate_mirage","eta1_C1",0.05,0.0130951836303098,0.0369048163696902
20260826,14,"separate_mirage","eta1_C2",0.2,0.443821759892843,0.243821759892843
20260826,14,"separate_mirage","eta1_C3",0.5,0.999743586680965,0.499743586680965
20260826,14,"separate_mirage","eta2_C1",0.03,0.00264536877648911,0.0273546312235109
20260826,14,"separate_mirage","eta2_C2",0.15,0.332777730108986,0.182777730108986
20260826,14,"separate_mirage","eta2_C3",0.4,0.999869818701246,0.599869818701246
20260826,14,"mtada_aggregated","pi00",0.94,0.93949683,0.000503169999999997
20260826,14,"mtada_aggregated","pi10",0.04,0.04050317,0.000503170000000004
20260826,14,"mtada_aggregated","pi01",0.01,0.01050317,0.000503170000000001
20260826,14,"mtada_aggregated","pi11",0.01,0.00949683,0.000503170000000001
20260827,15,"mirage_joint","pi00",0.94,0.793630749590047,0.146369250409953
20260827,15,"mirage_joint","pi10",0.04,0.164605420293459,0.124605420293459
20260827,15,"mirage_joint","pi01",0.01,0.0257406555227297,0.0157406555227297
20260827,15,"mirage_joint","pi11",0.01,0.0160231745937646,0.00602317459376456
20260827,15,"mirage_joint","eta1_C1",0.05,0.0229573746599493,0.0270426253400507
20260827,15,"mirage_joint","eta1_C2",0.2,0.218358007331893,0.0183580073318926
20260827,15,"mirage_joint","eta1_C3",0.5,0.310703171557999,0.189296828442001
20260827,15,"mirage_joint","eta2_C1",0.03,0.0221491260372834,0.00785087396271655
20260827,15,"mirage_joint","eta2_C2",0.15,0.196749776239986,0.0467497762399864
20260827,15,"mirage_joint","eta2_C3",0.4,0.685618055785179,0.285618055785179
20260827,15,"separate_mirage","pi00",0.94,0.931,0.00900000000000001
20260827,15,"separate_mirage","pi10",0.04,0.049,0.009
20260827,15,"separate_mirage","pi01",0.01,0.019,0.009
20260827,15,"separate_mirage","pi11",0.01,0.001,0.009
20260827,15,"separate_mirage","eta1_C1",0.05,0.0218379429938615,0.0281620570061385
20260827,15,"separate_mirage","eta1_C2",0.2,0.44633371912024,0.24633371912024
20260827,15,"separate_mirage","eta1_C3",0.5,0.633190045357494,0.133190045357494
20260827,15,"separate_mirage","eta2_C1",0.03,0.022714398702867,0.007285601297133
20260827,15,"separate_mirage","eta2_C2",0.15,0.248802278290645,0.0988022782906449
20260827,15,"separate_mirage","eta2_C3",0.4,0.961110736075222,0.561110736075222
20260827,15,"mtada_aggregated","pi00",0.94,0.9387357,0.0012643
20260827,15,"mtada_aggregated","pi10",0.04,0.0412643,0.0012643
20260827,15,"mtada_aggregated","pi01",0.01,0.0112643,0.0012643
20260827,15,"mtada_aggregated","pi11",0.01,0.0087357,0.0012643
20260828,16,"mirage_joint","pi00",0.94,0.842082568662804,0.0979174313371962
20260828,16,"mirage_joint","pi10",0.04,0.0936036040799541,0.0536036040799541
20260828,16,"mirage_joint","pi01",0.01,0.0356471500481489,0.0256471500481489
20260828,16,"mirage_joint","pi11",0.01,0.0286666772090932,0.0186666772090932
20260828,16,"mirage_joint","eta1_C1",0.05,0.119538282484107,0.0695382824841071
20260828,16,"mirage_joint","eta1_C2",0.2,0.179432532298136,0.0205674677018635
20260828,16,"mirage_joint","eta1_C3",0.5,0.405129625175668,0.0948703748243323
20260828,16,"mirage_joint","eta2_C1",0.03,0.016266411553821,0.013733588446179
20260828,16,"mirage_joint","eta2_C2",0.15,0.186863507820937,0.0368635078209368
20260828,16,"mirage_joint","eta2_C3",0.4,0.610269309684207,0.210269309684207
20260828,16,"separate_mirage","pi00",0.94,0.931,0.00900000000000001
20260828,16,"separate_mirage","pi10",0.04,0.049,0.009
20260828,16,"separate_mirage","pi01",0.01,0.019,0.009
20260828,16,"separate_mirage","pi11",0.01,0.001,0.009
20260828,16,"separate_mirage","eta1_C1",0.05,0.201324176338326,0.151324176338326
20260828,16,"separate_mirage","eta1_C2",0.2,0.339434940972873,0.139434940972873
20260828,16,"separate_mirage","eta1_C3",0.5,0.632985882046184,0.132985882046184
20260828,16,"separate_mirage","eta2_C1",0.03,0.0122467472440724,0.0177532527559276
20260828,16,"separate_mirage","eta2_C2",0.15,0.24541862167831,0.0954186216783101
20260828,16,"separate_mirage","eta2_C3",0.4,0.771824303551291,0.371824303551291
20260828,16,"mtada_aggregated","pi00",0.94,0.93502254,0.00497745999999999
20260828,16,"mtada_aggregated","pi10",0.04,0.04497746,0.00497746
20260828,16,"mtada_aggregated","pi01",0.01,0.01497746,0.00497746
20260828,16,"mtada_aggregated","pi11",0.01,0.00502254,0.00497746
20260829,17,"mirage_joint","pi00",0.94,0.928812636470632,0.0111873635293684
20260829,17,"mirage_joint","pi10",0.04,0.0362638607912294,0.00373613920877057
20260829,17,"mirage_joint","pi01",0.01,0.00299565606264326,0.00700434393735674
20260829,17,"mirage_joint","pi11",0.01,0.0319278466754958,0.0219278466754958
20260829,17,"mirage_joint","eta1_C1",0.05,0.172644233885256,0.122644233885256
20260829,17,"mirage_joint","eta1_C2",0.2,0.314449027225921,0.114449027225921
20260829,17,"mirage_joint","eta1_C3",0.5,0.501064171883921,0.00106417188392116
20260829,17,"mirage_joint","eta2_C1",0.03,0.0262271223554556,0.0037728776445444
20260829,17,"mirage_joint","eta2_C2",0.15,0.604462837442124,0.454462837442124
20260829,17,"mirage_joint","eta2_C3",0.4,0.000108024290484994,0.399891975709515
20260829,17,"separate_mirage","pi00",0.94,0.931,0.00900000000000001
20260829,17,"separate_mirage","pi10",0.04,0.049,0.009
20260829,17,"separate_mirage","pi01",0.01,0.019,0.009
20260829,17,"separate_mirage","pi11",0.01,0.001,0.009
20260829,17,"separate_mirage","eta1_C1",0.05,0.210505340697867,0.160505340697867
20260829,17,"separate_mirage","eta1_C2",0.2,0.448303403260841,0.248303403260841
20260829,17,"separate_mirage","eta1_C3",0.5,0.679724138370444,0.179724138370444
20260829,17,"separate_mirage","eta2_C1",0.03,0.03142583023021,0.00142583023020998
20260829,17,"separate_mirage","eta2_C2",0.15,0.189935827437356,0.0399358274373555
20260829,17,"separate_mirage","eta2_C3",0.4,0.037782596531537,0.362217403468463
20260829,17,"mtada_aggregated","pi00",0.94,0.93316431,0.00683569000000006
20260829,17,"mtada_aggregated","pi10",0.04,0.04683569,0.00683569
20260829,17,"mtada_aggregated","pi01",0.01,0.01683569,0.00683569
20260829,17,"mtada_aggregated","pi11",0.01,0.00316431,0.00683569
20260830,18,"mirage_joint","pi00",0.94,0.80993313246075,0.13006686753925
20260830,18,"mirage_joint","pi10",0.04,0.110383617276217,0.0703836172762168
20260830,18,"mirage_joint","pi01",0.01,0.0560053543708734,0.0460053543708734
20260830,18,"mirage_joint","pi11",0.01,0.0236778958921597,0.0136778958921597
20260830,18,"mirage_joint","eta1_C1",0.05,0.0180914595214618,0.0319085404785382
20260830,18,"mirage_joint","eta1_C2",0.2,0.221240997850963,0.0212409978509625
20260830,18,"mirage_joint","eta1_C3",0.5,0.295396760208736,0.204603239791264
20260830,18,"mirage_joint","eta2_C1",0.03,0.04081778408904,0.01081778408904
20260830,18,"mirage_joint","eta2_C2",0.15,0.0167355351051554,0.133264464894845
20260830,18,"mirage_joint","eta2_C3",0.4,0.651127234799554,0.251127234799554
20260830,18,"separate_mirage","pi00",0.94,0.931,0.00900000000000001
20260830,18,"separate_mirage","pi10",0.04,0.049,0.009
20260830,18,"separate_mirage","pi01",0.01,0.019,0.009
20260830,18,"separate_mirage","pi11",0.01,0.001,0.009
20260830,18,"separate_mirage","eta1_C1",0.05,0.0143717525040638,0.0356282474959362
20260830,18,"separate_mirage","eta1_C2",0.2,0.289562984556604,0.0895629845566042
20260830,18,"separate_mirage","eta1_C3",0.5,0.684610113164988,0.184610113164988
20260830,18,"separate_mirage","eta2_C1",0.03,0.0304275090754366,0.000427509075436584
20260830,18,"separate_mirage","eta2_C2",0.15,0.00366292763395974,0.14633707236604
20260830,18,"separate_mirage","eta2_C3",0.4,0.999326500413873,0.599326500413873
20260830,18,"mtada_aggregated","pi00",0.94,0.9444825,0.00448249999999994
20260830,18,"mtada_aggregated","pi10",0.04,0.0355175,0.0044825
20260830,18,"mtada_aggregated","pi01",0.01,0.0055175,0.0044825
20260830,18,"mtada_aggregated","pi11",0.01,0.0144825,0.0044825
20260831,19,"mirage_joint","pi00",0.94,0.843346155172169,0.0966538448278306
20260831,19,"mirage_joint","pi10",0.04,0.100119405566851,0.0601194055668507
20260831,19,"mirage_joint","pi01",0.01,0.00536580012873992,0.00463419987126008
20260831,19,"mirage_joint","pi11",0.01,0.05116863913224,0.04116863913224
20260831,19,"mirage_joint","eta1_C1",0.05,0.0404863481311737,0.00951365186882626
20260831,19,"mirage_joint","eta1_C2",0.2,0.24854310748254,0.0485431074825401
20260831,19,"mirage_joint","eta1_C3",0.5,0.378727731726617,0.121272268273383
20260831,19,"mirage_joint","eta2_C1",0.03,0.00295936838021384,0.0270406316197862
20260831,19,"mirage_joint","eta2_C2",0.15,0.245841605315687,0.0958416053156873
20260831,19,"mirage_joint","eta2_C3",0.4,0.422726817606464,0.0227268176064639
20260831,19,"separate_mirage","pi00",0.94,0.931,0.00900000000000001
20260831,19,"separate_mirage","pi10",0.04,0.049,0.009
20260831,19,"separate_mirage","pi01",0.01,0.019,0.009
20260831,19,"separate_mirage","pi11",0.01,0.001,0.009
20260831,19,"separate_mirage","eta1_C1",0.05,0.0339918248743993,0.0160081751256007
20260831,19,"separate_mirage","eta1_C2",0.2,0.367655570260917,0.167655570260917
20260831,19,"separate_mirage","eta1_C3",0.5,0.74184414802257,0.24184414802257
20260831,19,"separate_mirage","eta2_C1",0.03,0.000169235409395971,0.029830764590604
20260831,19,"separate_mirage","eta2_C2",0.15,0.284175093456312,0.134175093456312
20260831,19,"separate_mirage","eta2_C3",0.4,0.975528327009965,0.575528327009965
20260831,19,"mtada_aggregated","pi00",0.94,0.947416829745597,0.00741682974559688
20260831,19,"mtada_aggregated","pi10",0.04,0.0325831702544031,0.00741682974559687
20260831,19,"mtada_aggregated","pi01",0.01,0.00258317025440313,0.00741682974559687
20260831,19,"mtada_aggregated","pi11",0.01,0.0174168297455969,0.00741682974559687
20260832,20,"mirage_joint","pi00",0.94,0.848920684078453,0.0910793159215468
20260832,20,"mirage_joint","pi10",0.04,0.00799443776404444,0.0320055622359556
20260832,20,"mirage_joint","pi01",0.01,0.0869748196246014,0.0769748196246014
20260832,20,"mirage_joint","pi11",0.01,0.056110058532901,0.046110058532901
20260832,20,"mirage_joint","eta1_C1",0.05,0.19182453404982,0.14182453404982
20260832,20,"mirage_joint","eta1_C2",0.2,0.426905583804922,0.226905583804922
20260832,20,"mirage_joint","eta1_C3",0.5,0.481610378407953,0.0183896215920467
20260832,20,"mirage_joint","eta2_C1",0.03,0.164639397274339,0.134639397274339
20260832,20,"mirage_joint","eta2_C2",0.15,0.207000390285907,0.0570003902859072
20260832,20,"mirage_joint","eta2_C3",0.4,0.392951632115117,0.00704836788488344
20260832,20,"separate_mirage","pi00",0.94,0.931,0.00900000000000001
20260832,20,"separate_mirage","pi10",0.04,0.049,0.009
20260832,20,"separate_mirage","pi01",0.01,0.019,0.009
20260832,20,"separate_mirage","pi11",0.01,0.001,0.009
20260832,20,"separate_mirage","eta1_C1",0.05,0.330149480306604,0.280149480306604
20260832,20,"separate_mirage","eta1_C2",0.2,0.463444015481112,0.263444015481112
20260832,20,"separate_mirage","eta1_C3",0.5,0.754395984053783,0.254395984053783
20260832,20,"separate_mirage","eta2_C1",0.03,0.312871580773387,0.282871580773387
20260832,20,"separate_mirage","eta2_C2",0.15,0.123241673198715,0.026758326801285
20260832,20,"separate_mirage","eta2_C3",0.4,0.860951003239566,0.460951003239566
20260832,20,"mtada_aggregated","pi00",0.94,0.9447521,0.00475210000000004
20260832,20,"mtada_aggregated","pi10",0.04,0.0352479,0.0047521
20260832,20,"mtada_aggregated","pi01",0.01,0.0052479,0.0047521
20260832,20,"mtada_aggregated","pi11",0.01,0.0147521,0.0047521
20260833,21,"mirage_joint","pi00",0.94,0.920832962613783,0.0191670373862171
20260833,21,"mirage_joint","pi10",0.04,0.0694491286208417,0.0294491286208417
20260833,21,"mirage_joint","pi01",0.01,0.00755688411032329,0.00244311588967671
20260833,21,"mirage_joint","pi11",0.01,0.00216102465505197,0.00783897534494803
20260833,21,"mirage_joint","eta1_C1",0.05,0.103186914922595,0.0531869149225948
20260833,21,"mirage_joint","eta1_C2",0.2,0.630164864696759,0.430164864696759
20260833,21,"mirage_joint","eta1_C3",0.5,0.617302288710304,0.117302288710304
20260833,21,"mirage_joint","eta2_C1",0.03,0.0475595412790181,0.0175595412790181
20260833,21,"mirage_joint","eta2_C2",0.15,0.0536008796229268,0.0963991203770732
20260833,21,"mirage_joint","eta2_C3",0.4,0.00841865789494772,0.391581342105052
20260833,21,"separate_mirage","pi00",0.94,0.931,0.00900000000000001
20260833,21,"separate_mirage","pi10",0.04,0.049,0.009
20260833,21,"separate_mirage","pi01",0.01,0.019,0.009
20260833,21,"separate_mirage","pi11",0.01,0.001,0.009
20260833,21,"separate_mirage","eta1_C1",0.05,0.149021764311501,0.099021764311501
20260833,21,"separate_mirage","eta1_C2",0.2,0.800365165391807,0.600365165391807
20260833,21,"separate_mirage","eta1_C3",0.5,0.848889036001294,0.348889036001294
20260833,21,"separate_mirage","eta2_C1",0.03,0.108170122586112,0.078170122586112
20260833,21,"separate_mirage","eta2_C2",0.15,0.0761145957557074,0.0738854042442926
20260833,21,"separate_mirage","eta2_C3",0.4,0.00752501019021954,0.39247498980978
20260833,21,"mtada_aggregated","pi00",0.94,0.947103718199609,0.00710371819960864
20260833,21,"mtada_aggregated","pi10",0.04,0.0328962818003914,0.00710371819960861
20260833,21,"mtada_aggregated","pi01",0.01,0.00289628180039139,0.00710371819960861
20260833,21,"mtada_aggregated","pi11",0.01,0.0171037181996086,0.00710371819960861
20260834,22,"mirage_joint","pi00",0.94,0.813937455026329,0.126062544973671
20260834,22,"mirage_joint","pi10",0.04,0.131709261242325,0.0917092612423246
20260834,22,"mirage_joint","pi01",0.01,0.000550742249110774,0.00944925775088923
20260834,22,"mirage_joint","pi11",0.01,0.0538025414822355,0.0438025414822355
20260834,22,"mirage_joint","eta1_C1",0.05,0.186503733595534,0.136503733595534
20260834,22,"mirage_joint","eta1_C2",0.2,0.152649191457033,0.047350808542967
20260834,22,"mirage_joint","eta1_C3",0.5,0.103702802954276,0.396297197045724
20260834,22,"mirage_joint","eta2_C1",0.03,0.000410084437110885,0.0295899155628891
20260834,22,"mirage_joint","eta2_C2",0.15,0.386541326917017,0.236541326917017
20260834,22,"mirage_joint","eta2_C3",0.4,0.24026800871235,0.15973199128765
20260834,22,"separate_mirage","pi00",0.94,0.931,0.00900000000000001
20260834,22,"separate_mirage","pi10",0.04,0.049,0.009
20260834,22,"separate_mirage","pi01",0.01,0.019,0.009
20260834,22,"separate_mirage","pi11",0.01,0.001,0.009
20260834,22,"separate_mirage","eta1_C1",0.05,0.512425863816983,0.462425863816983
20260834,22,"separate_mirage","eta1_C2",0.2,0.208028493834018,0.00802849383401777
20260834,22,"separate_mirage","eta1_C3",0.5,0.118618034710568,0.381381965289432
20260834,22,"separate_mirage","eta2_C1",0.03,0.00366243974226921,0.0263375602577308
20260834,22,"separate_mirage","eta2_C2",0.15,0.148703782283362,0.00129621771663815
20260834,22,"separate_mirage","eta2_C3",0.4,0.843089090506657,0.443089090506657
20260834,22,"mtada_aggregated","pi00",0.94,0.93450668,0.00549332000000002
20260834,22,"mtada_aggregated","pi10",0.04,0.04549332,0.00549332
20260834,22,"mtada_aggregated","pi01",0.01,0.01549332,0.00549332
20260834,22,"mtada_aggregated","pi11",0.01,0.00450668,0.00549332
20260835,23,"mirage_joint","pi00",0.94,0.734847059325424,0.205152940674576
20260835,23,"mirage_joint","pi10",0.04,0.135740097483982,0.0957400974839823
20260835,23,"mirage_joint","pi01",0.01,0.108302710639776,0.0983027106397761
20260835,23,"mirage_joint","pi11",0.01,0.0211101325508177,0.0111101325508177
20260835,23,"mirage_joint","eta1_C1",0.05,0.214026669076042,0.164026669076042
20260835,23,"mirage_joint","eta1_C2",0.2,0.120145073735283,0.0798549262647166
20260835,23,"mirage_joint","eta1_C3",0.5,0.264773816852314,0.235226183147686
20260835,23,"mirage_joint","eta2_C1",0.03,0.0894689201187048,0.0594689201187048
20260835,23,"mirage_joint","eta2_C2",0.15,0.308716782281887,0.158716782281887
20260835,23,"mirage_joint","eta2_C3",0.4,0.249280888522536,0.150719111477464
20260835,23,"separate_mirage","pi00",0.94,0.931,0.00900000000000001
20260835,23,"separate_mirage","pi10",0.04,0.049,0.009
20260835,23,"separate_mirage","pi01",0.01,0.019,0.009
20260835,23,"separate_mirage","pi11",0.01,0.001,0.009
20260835,23,"separate_mirage","eta1_C1",0.05,0.340134887493271,0.290134887493271
20260835,23,"separate_mirage","eta1_C2",0.2,0.28690725067475,0.0869072506747499
20260835,23,"separate_mirage","eta1_C3",0.5,0.491563165146222,0.00843683485377827
20260835,23,"separate_mirage","eta2_C1",0.03,0.193296716456288,0.163296716456288
20260835,23,"separate_mirage","eta2_C2",0.15,0.742163921160284,0.592163921160284
20260835,23,"separate_mirage","eta2_C3",0.4,0.722715111357437,0.322715111357437
20260835,23,"mtada_aggregated","pi00",0.94,0.93298344,0.00701656000000006
20260835,23,"mtada_aggregated","pi10",0.04,0.04701656,0.00701656
20260835,23,"mtada_aggregated","pi01",0.01,0.01701656,0.00701656
20260835,23,"mtada_aggregated","pi11",0.01,0.00298344,0.00701656
20260836,24,"mirage_joint","pi00",0.94,0.800126829917747,0.139873170082253
20260836,24,"mirage_joint","pi10",0.04,0.106370135684906,0.066370135684906
20260836,24,"mirage_joint","pi01",0.01,0.0201833352843913,0.0101833352843913
20260836,24,"mirage_joint","pi11",0.01,0.0733196991129561,0.0633196991129561
20260836,24,"mirage_joint","eta1_C1",0.05,0.030204241089124,0.019795758910876
20260836,24,"mirage_joint","eta1_C2",0.2,0.262919242370733,0.0629192423707327
20260836,24,"mirage_joint","eta1_C3",0.5,0.266356462871854,0.233643537128146
20260836,24,"mirage_joint","eta2_C1",0.03,0.00230802012649247,0.0276919798735075
20260836,24,"mirage_joint","eta2_C2",0.15,0.306695653645253,0.156695653645253
20260836,24,"mirage_joint","eta2_C3",0.4,0.20091677041834,0.19908322958166
20260836,24,"separate_mirage","pi00",0.94,0.931,0.00900000000000001
20260836,24,"separate_mirage","pi10",0.04,0.049,0.009
20260836,24,"separate_mirage","pi01",0.01,0.019,0.009
20260836,24,"separate_mirage","pi11",0.01,0.001,0.009
20260836,24,"separate_mirage","eta1_C1",0.05,0.0738033992721793,0.0238033992721793
20260836,24,"separate_mirage","eta1_C2",0.2,0.482731069156065,0.282731069156065
20260836,24,"separate_mirage","eta1_C3",0.5,0.456775010458688,0.043224989541312
20260836,24,"separate_mirage","eta2_C1",0.03,0.00396921658095099,0.026030783419049
20260836,24,"separate_mirage","eta2_C2",0.15,0.761967375084512,0.611967375084512
20260836,24,"separate_mirage","eta2_C3",0.4,0.399739191015848,0.000260808984151928
20260836,24,"mtada_aggregated","pi00",0.94,0.947025440313112,0.00702544031311159
20260836,24,"mtada_aggregated","pi10",0.04,0.0329745596868885,0.00702544031311154
20260836,24,"mtada_aggregated","pi01",0.01,0.00297455968688845,0.00702544031311155
20260836,24,"mtada_aggregated","pi11",0.01,0.0170254403131115,0.00702544031311155
20260837,25,"mirage_joint","pi00",0.94,0.865058089204567,0.0749419107954329
20260837,25,"mirage_joint","pi10",0.04,0.0342725773984527,0.00572742260154734
20260837,25,"mirage_joint","pi01",0.01,0.0843310427028286,0.0743310427028286
20260837,25,"mirage_joint","pi11",0.01,0.0163382906941516,0.0063382906941516
20260837,25,"mirage_joint","eta1_C1",0.05,0.00214282944673175,0.0478571705532683
20260837,25,"mirage_joint","eta1_C2",0.2,0.384296509580536,0.184296509580536
20260837,25,"mirage_joint","eta1_C3",0.5,0.841056380890614,0.341056380890614
20260837,25,"mirage_joint","eta2_C1",0.03,0.0150246681000943,0.0149753318999057
20260837,25,"mirage_joint","eta2_C2",0.15,0.0676813810562632,0.0823186189437368
20260837,25,"mirage_joint","eta2_C3",0.4,0.232833344168533,0.167166655831467
20260837,25,"separate_mirage","pi00",0.94,0.931,0.00900000000000001
20260837,25,"separate_mirage","pi10",0.04,0.049,0.009
20260837,25,"separate_mirage","pi01",0.01,0.019,0.009
20260837,25,"separate_mirage","pi11",0.01,0.001,0.009
20260837,25,"separate_mirage","eta1_C1",0.05,0.00254159833322242,0.0474584016667776
20260837,25,"separate_mirage","eta1_C2",0.2,0.407957144239331,0.207957144239331
20260837,25,"separate_mirage","eta1_C3",0.5,0.908608829450755,0.408608829450755
20260837,25,"separate_mirage","eta2_C1",0.03,0.00590008651568931,0.0240999134843107
20260837,25,"separate_mirage","eta2_C2",0.15,0.165230651801399,0.0152306518013988
20260837,25,"separate_mirage","eta2_C3",0.4,0.436086798139321,0.0360867981393211
20260837,25,"mtada_aggregated","pi00",0.94,0.93284789,0.00715211000000004
20260837,25,"mtada_aggregated","pi10",0.04,0.04715211,0.00715211
20260837,25,"mtada_aggregated","pi01",0.01,0.01715211,0.00715211
20260837,25,"mtada_aggregated","pi11",0.01,0.00284789,0.00715211
20260838,26,"mirage_joint","pi00",0.94,0.843774284002695,0.0962257159973046
20260838,26,"mirage_joint","pi10",0.04,0.118913836825388,0.0789138368253881
20260838,26,"mirage_joint","pi01",0.01,0.00912979438844356,0.000870205611556436
20260838,26,"mirage_joint","pi11",0.01,0.028182084783473,0.018182084783473
20260838,26,"mirage_joint","eta1_C1",0.05,0.0769176472739853,0.0269176472739853
20260838,26,"mirage_joint","eta1_C2",0.2,0.19794267409121,0.0020573259087899
20260838,26,"mirage_joint","eta1_C3",0.5,0.326964244738783,0.173035755261217
20260838,26,"mirage_joint","eta2_C1",0.03,0.0258051592812654,0.0041948407187346
20260838,26,"mirage_joint","eta2_C2",0.15,0.42556177919587,0.27556177919587
20260838,26,"mirage_joint","eta2_C3",0.4,0.141736724858012,0.258263275141988
20260838,26,"separate_mirage","pi00",0.94,0.931,0.00900000000000001
20260838,26,"separate_mirage","pi10",0.04,0.049,0.009
20260838,26,"separate_mirage","pi01",0.01,0.019,0.009
20260838,26,"separate_mirage","pi11",0.01,0.001,0.009
20260838,26,"separate_mirage","eta1_C1",0.05,0.190036910328998,0.140036910328998
20260838,26,"separate_mirage","eta1_C2",0.2,0.264024467023421,0.0640244670234212
20260838,26,"separate_mirage","eta1_C3",0.5,0.533039069470193,0.033039069470193
20260838,26,"separate_mirage","eta2_C1",0.03,0.0312496151989925,0.0012496151989925
20260838,26,"separate_mirage","eta2_C2",0.15,0.884877573011796,0.734877573011796
20260838,26,"separate_mirage","eta2_C3",0.4,0.0106450810016752,0.389354918998325
20260838,26,"mtada_aggregated","pi00",0.94,0.948003913894325,0.00800391389432487
20260838,26,"mtada_aggregated","pi10",0.04,0.0319960861056751,0.00800391389432485
20260838,26,"mtada_aggregated","pi01",0.01,0.00199608610567515,0.00800391389432485
20260838,26,"mtada_aggregated","pi11",0.01,0.0180039138943249,0.00800391389432485
20260839,27,"mirage_joint","pi00",0.94,0.837888954205313,0.102111045794687
20260839,27,"mirage_joint","pi10",0.04,0.0737702067994826,0.0337702067994826
20260839,27,"mirage_joint","pi01",0.01,0.0881265462103589,0.0781265462103589
20260839,27,"mirage_joint","pi11",0.01,0.000214292784845839,0.00978570721515416
20260839,27,"mirage_joint","eta1_C1",0.05,0.0309394594380282,0.0190605405619718
20260839,27,"mirage_joint","eta1_C2",0.2,0.0983419852029266,0.101658014797073
20260839,27,"mirage_joint","eta1_C3",0.5,0.975169546792598,0.475169546792598
20260839,27,"mirage_joint","eta2_C1",0.03,0.0108769546752366,0.0191230453247634
20260839,27,"mirage_joint","eta2_C2",0.15,0.0475103625660077,0.102489637433992
20260839,27,"mirage_joint","eta2_C3",0.4,0.722809182791544,0.322809182791544
20260839,27,"separate_mirage","pi00",0.94,0.931,0.00900000000000001
20260839,27,"separate_mirage","pi10",0.04,0.049,0.009
20260839,27,"separate_mirage","pi01",0.01,0.019,0.009
20260839,27,"separate_mirage","pi11",0.01,0.001,0.009
20260839,27,"separate_mirage","eta1_C1",0.05,0.0490468843697629,0.000953115630237068
20260839,27,"separate_mirage","eta1_C2",0.2,0.108561944885531,0.0914380551144694
20260839,27,"separate_mirage","eta1_C3",0.5,0.999915257661394,0.499915257661394
20260839,27,"separate_mirage","eta2_C1",0.03,0.00493414741930573,0.0250658525806943
20260839,27,"separate_mirage","eta2_C2",0.15,0.186311682512204,0.0363116825122039
20260839,27,"separate_mirage","eta2_C3",0.4,0.99997399322861,0.59997399322861
20260839,27,"mtada_aggregated","pi00",0.94,0.93362531,0.00637469000000002
20260839,27,"mtada_aggregated","pi10",0.04,0.04637469,0.00637469
20260839,27,"mtada_aggregated","pi01",0.01,0.01637469,0.00637469
20260839,27,"mtada_aggregated","pi11",0.01,0.00362531,0.00637469
20260840,28,"mirage_joint","pi00",0.94,0.873277565448592,0.0667224345514079
20260840,28,"mirage_joint","pi10",0.04,0.0334729813463955,0.00652701865360451
20260840,28,"mirage_joint","pi01",0.01,0.0129547730088196,0.00295477300881964
20260840,28,"mirage_joint","pi11",0.01,0.0802946801961928,0.0702946801961928
20260840,28,"mirage_joint","eta1_C1",0.05,0.25060059841018,0.200600598410181
20260840,28,"mirage_joint","eta1_C2",0.2,0.131429735978412,0.0685702640215881
20260840,28,"mirage_joint","eta1_C3",0.5,0.514489802690009,0.0144898026900094
20260840,28,"mirage_joint","eta2_C1",0.03,0.0132856302736081,0.0167143697263919
20260840,28,"mirage_joint","eta2_C2",0.15,0.136890809738673,0.0131091902613273
20260840,28,"mirage_joint","eta2_C3",0.4,0.517600520340156,0.117600520340156
20260840,28,"separate_mirage","pi00",0.94,0.931,0.00900000000000001
20260840,28,"separate_mirage","pi10",0.04,0.049,0.009
20260840,28,"separate_mirage","pi01",0.01,0.019,0.009
20260840,28,"separate_mirage","pi11",0.01,0.001,0.009
20260840,28,"separate_mirage","eta1_C1",0.05,0.35246546030847,0.30246546030847
20260840,28,"separate_mirage","eta1_C2",0.2,0.194692458696969,0.0053075413030309
20260840,28,"separate_mirage","eta1_C3",0.5,0.767750847589956,0.267750847589956
20260840,28,"separate_mirage","eta2_C1",0.03,0.11531049547041,0.0853104954704104
20260840,28,"separate_mirage","eta2_C2",0.15,0.925128895827037,0.775128895827037
20260840,28,"separate_mirage","eta2_C3",0.4,0.0461261104426466,0.353873889557353
20260840,28,"mtada_aggregated","pi00",0.94,0.948904109589041,0.00890410958904109
20260840,28,"mtada_aggregated","pi10",0.04,0.0310958904109589,0.00890410958904109
20260840,28,"mtada_aggregated","pi01",0.01,0.0010958904109589,0.0089041095890411
20260840,28,"mtada_aggregated","pi11",0.01,0.0189041095890411,0.0089041095890411
20260841,29,"mirage_joint","pi00",0.94,0.848050263993051,0.0919497360069492
20260841,29,"mirage_joint","pi10",0.04,0.053278916931684,0.013278916931684
20260841,29,"mirage_joint","pi01",0.01,0.00233834459303872,0.00766165540696128
20260841,29,"mirage_joint","pi11",0.01,0.0963324744822265,0.0863324744822265
20260841,29,"mirage_joint","eta1_C1",0.05,0.048506338467103,0.00149366153289699
20260841,29,"mirage_joint","eta1_C2",0.2,0.189389101970428,0.0106108980295722
20260841,29,"mirage_joint","eta1_C3",0.5,0.393809271199849,0.106190728800151
20260841,29,"mirage_joint","eta2_C1",0.03,0.0014343382810074,0.0285656617189926
20260841,29,"mirage_joint","eta2_C2",0.15,0.0930376142497217,0.0569623857502783
20260841,29,"mirage_joint","eta2_C3",0.4,0.370189460031492,0.029810539968508
20260841,29,"separate_mirage","pi00",0.94,0.931,0.00900000000000001
20260841,29,"separate_mirage","pi10",0.04,0.049,0.009
20260841,29,"separate_mirage","pi01",0.01,0.019,0.009
20260841,29,"separate_mirage","pi11",0.01,0.001,0.009
20260841,29,"separate_mirage","eta1_C1",0.05,0.0627136542411179,0.0127136542411179
20260841,29,"separate_mirage","eta1_C2",0.2,0.262980524916708,0.0629805249167076
20260841,29,"separate_mirage","eta1_C3",0.5,0.652177967023745,0.152177967023745
20260841,29,"separate_mirage","eta2_C1",0.03,0.00410285411385542,0.0258971458861446
20260841,29,"separate_mirage","eta2_C2",0.15,0.0829087394945015,0.0670912605054984
20260841,29,"separate_mirage","eta2_C3",0.4,0.718386222089058,0.318386222089058
20260841,29,"mtada_aggregated","pi00",0.94,0.93749286,0.00250713999999996
20260841,29,"mtada_aggregated","pi10",0.04,0.04250714,0.00250714
20260841,29,"mtada_aggregated","pi01",0.01,0.01250714,0.00250714
20260841,29,"mtada_aggregated","pi11",0.01,0.00749286,0.00250714
20260842,30,"mirage_joint","pi00",0.94,0.845665046027904,0.0943349539720962
20260842,30,"mirage_joint","pi10",0.04,0.0755871760518991,0.0355871760518991
20260842,30,"mirage_joint","pi01",0.01,0.0224697705226613,0.0124697705226613
20260842,30,"mirage_joint","pi11",0.01,0.0562780073975359,0.0462780073975359
20260842,30,"mirage_joint","eta1_C1",0.05,0.145687916187998,0.095687916187998
20260842,30,"mirage_joint","eta1_C2",0.2,0.0198126303153155,0.180187369684684
20260842,30,"mirage_joint","eta1_C3",0.5,0.391218617663667,0.108781382336333
20260842,30,"mirage_joint","eta2_C1",0.03,0.00839136148618022,0.0216086385138198
20260842,30,"mirage_joint","eta2_C2",0.15,0.231606105016517,0.0816061050165172
20260842,30,"mirage_joint","eta2_C3",0.4,0.337978052176575,0.0620219478234252
20260842,30,"separate_mirage","pi00",0.94,0.931,0.00900000000000001
20260842,30,"separate_mirage","pi10",0.04,0.049,0.009
20260842,30,"separate_mirage","pi01",0.01,0.019,0.009
20260842,30,"separate_mirage","pi11",0.01,0.001,0.009
20260842,30,"separate_mirage","eta1_C1",0.05,0.234004001024512,0.184004001024512
20260842,30,"separate_mirage","eta1_C2",0.2,0.00669957366332205,0.193300426336678
20260842,30,"separate_mirage","eta1_C3",0.5,0.802962747859977,0.302962747859977
20260842,30,"separate_mirage","eta2_C1",0.03,0.00413316521347373,0.0258668347865263
20260842,30,"separate_mirage","eta2_C2",0.15,0.421680876971051,0.271680876971051
20260842,30,"separate_mirage","eta2_C3",0.4,0.512506815260045,0.112506815260045
20260842,30,"mtada_aggregated","pi00",0.94,0.93291341,0.00708659
20260842,30,"mtada_aggregated","pi10",0.04,0.04708659,0.00708659
20260842,30,"mtada_aggregated","pi01",0.01,0.01708659,0.00708659
20260842,30,"mtada_aggregated","pi11",0.01,0.00291341,0.00708659
